,dir,LoC,frac
0,,14063,1.0
1,builtin,8,0.0005688686624475575
2,gitk-git,13926,0.9902581241555856
3,gitk-git/po,4360,0.3130834410455264
4,ppc,108,0.007679726943042025
