,dir,LoC,frac
0,,12026,1.0
1,Documentation,1,8.315316813570597e-05
2,builtin,2,0.00016630633627141194
3,po,12023,0.9997505404955929
